,Sherrod Brown,Tammy Baldwin,John Boozman,Marsha Blackburn,John Barrasso,Michael Bennet,Richard Blumenthal,Cory Booker,Ted Budd,Mike Braun,Katie Britt,Laphonza Butler,Maria Cantwell,Ben Cardin,Thomas Carper,Mike Crapo,Susan Collins,Shelley Capito,John Cornyn,Bob Casey,Bill Cassidy,Christopher Coons,Tom Cotton,Kevin Cramer,Ted Cruz,Catherine Cortez Masto,Richard Durbin,Steve Daines,Tammy Duckworth,Joni Ernst,Dianne Feinstein,Deb Fischer,John Fetterman,Lindsey Graham,Chuck Grassley,Kirsten Gillibrand,John Hickenlooper,Bill Hagerty,Mazie Hirono,Martin Heinrich,John Hoeven,Maggie Hassan,Cindy Hyde-Smith,Josh Hawley,George Helmy,Ron Johnson,Amy Klobuchar,Mark Kelly,Angus King,Timothy Kaine,John Kennedy,Andy Kim,Ben Luján,Cynthia Lummis,James Lankford,Mike Lee,Edward Markey,Mitch McConnell,Robert Menendez,Jerry Moran,Patty Murray,Lisa Murkowski,Christopher Murphy,Jeff Merkley,Joseph Manchin,Markwayne Mullin,Roger Marshall,Jon Ossoff,Alex Padilla,Gary Peters,Rand Paul,John Reed,James Risch,Marco Rubio,Mike Rounds,Jacklyn Rosen,Mitt Romney,Pete Ricketts,Bernard Sanders,Charles Schumer,Debbie Stabenow,Jeanne Shaheen,Tim Scott,Kyrsten Sinema,Brian Schatz,Dan Sullivan,Tina Smith,Rick Scott,Eric Schmitt,John Thune,Tommy Tuberville,Jon Tester,Thomas Tillis,Chris Van Hollen,J. Vance,Roger Wicker,Ron Wyden,Raphael Warnock,Peter Welch,Sheldon Whitehouse,Mark Warner,Elizabeth Warren,Todd Young
Sherrod Brown,0,188,48,39,17,98,208,164,31,43,25,91,66,132,63,24,68,52,31,194,40,105,22,40,18,123,144,24,145,32,89,35,157,25,38,153,79,13,140,120,18,78,33,22,11,3,188,85,115,121,21,1,119,19,25,7,140,2,91,41,126,47,113,174,40,23,35,69,167,109,3,118,24,37,34,94,13,37,158,52,131,121,18,67,96,27,169,36,15,21,12,73,47,171,49,39,158,94,161,176,77,183,36
Tammy Baldwin,188,0,41,39,27,109,230,183,25,66,29,95,85,130,68,28,72,60,39,197,38,104,19,46,18,134,149,29,170,27,104,39,167,24,37,162,89,17,160,149,30,92,35,15,11,8,217,86,128,135,19,0,144,26,23,10,171,2,99,44,134,63,130,202,39,26,43,67,175,124,6,124,26,29,30,110,17,41,172,61,144,144,13,69,115,37,198,36,17,24,16,78,43,171,34,41,167,104,186,189,69,192,33
John Boozman,48,41,0,84,57,40,50,40,77,92,73,17,26,40,26,71,73,93,63,59,73,63,74,103,57,45,26,70,28,56,21,61,40,57,58,53,35,47,36,49,65,39,91,38,5,19,62,51,61,45,50,0,31,71,63,43,18,13,24,77,29,53,19,41,34,60,72,35,46,53,16,25,65,67,69,51,23,78,20,13,50,61,46,59,20,71,45,77,39,53,46,49,111,46,47,95,35,49,50,52,39,29,47
Marsha Blackburn,39,39,84,0,88,34,50,39,133,188,112,20,21,32,20,103,60,95,99,50,107,49,104,147,119,53,34,139,32,86,25,90,32,77,76,44,35,103,30,35,86,47,133,94,5,36,66,50,42,36,66,1,36,100,128,96,21,18,23,70,23,40,19,28,44,66,116,36,35,57,27,22,102,153,76,60,26,100,15,14,35,50,78,43,17,72,34,161,68,93,73,35,139,33,79,119,27,48,49,44,42,29,62
John Barrasso,17,27,57,88,0,25,27,17,74,105,72,12,9,21,18,91,40,72,61,19,71,23,75,100,74,25,10,96,9,54,15,68,15,48,46,21,24,62,12,23,79,23,73,47,3,24,34,28,33,21,47,0,21,134,81,63,8,14,11,49,11,30,11,16,40,53,85,15,22,24,16,13,106,77,62,33,31,83,7,5,17,27,58,38,11,67,25,92,45,67,43,24,70,19,45,80,20,19,18,25,19,11,45
Michael Bennet,98,109,40,34,25,0,127,123,19,41,20,73,65,92,58,37,59,45,37,104,32,89,16,39,11,117,95,32,95,14,74,29,106,23,14,108,119,11,91,111,24,77,30,13,9,1,129,79,98,93,13,0,104,25,28,2,88,1,66,47,88,49,85,116,29,21,32,55,121,89,4,85,36,32,30,92,19,28,88,48,101,109,12,66,78,33,125,27,10,15,7,58,43,106,22,37,115,78,118,119,73,110,23
Richard Blumenthal,208,230,50,50,27,127,0,326,22,49,27,136,87,174,83,32,76,55,55,229,44,147,25,48,35,174,262,34,211,27,157,35,211,54,49,227,102,15,260,184,30,97,32,34,14,4,273,97,143,170,31,2,150,25,30,13,286,2,153,39,161,57,220,296,46,25,28,81,294,116,4,158,29,47,40,130,20,37,266,75,140,192,14,77,132,37,241,54,16,21,12,72,75,250,27,46,259,115,290,288,90,318,29
Cory Booker,164,183,40,39,17,123,326,0,23,42,14,135,83,150,82,24,55,50,40,183,36,140,18,37,19,135,216,26,189,19,135,23,166,29,35,207,96,7,223,167,17,79,28,19,20,1,208,84,111,157,24,1,150,22,27,14,267,2,139,28,146,48,170,263,28,22,27,80,283,101,12,128,20,33,27,106,10,22,238,64,130,145,14,62,126,26,205,34,13,13,5,58,57,220,27,42,226,111,274,235,76,291,31
Ted Budd,31,25,77,133,74,19,22,23,0,153,104,11,8,13,12,85,47,73,71,35,85,27,86,117,102,24,9,108,13,81,10,68,24,59,48,25,22,77,16,31,75,23,93,57,3,29,33,28,29,26,61,0,18,94,94,78,15,17,13,54,15,31,9,17,31,61,106,15,24,37,19,12,91,110,68,37,25,82,6,3,25,32,57,31,10,71,25,127,65,68,63,20,121,22,72,86,15,28,21,21,22,16,44
Mike Braun,43,66,92,188,105,41,49,42,153,0,114,23,12,29,21,112,66,101,95,63,106,42,103,155,138,44,23,136,24,98,27,91,49,66,86,45,39,101,34,42,97,60,127,106,4,40,66,50,59,50,71,1,41,121,126,111,28,19,20,69,26,47,24,39,63,68,168,32,42,69,43,21,129,179,73,57,34,113,21,13,38,50,76,64,21,77,51,211,97,86,77,51,127,40,117,121,33,47,47,39,37,46,78
Katie Britt,25,29,73,112,72,20,27,14,104,114,0,13,10,15,12,81,48,76,70,34,65,24,81,102,90,30,10,94,12,66,9,72,32,60,61,24,18,83,14,20,68,30,91,53,4,25,37,26,30,30,59,0,21,83,78,62,11,16,12,57,15,24,18,18,35,55,82,21,23,26,17,12,71,79,69,31,25,86,5,7,22,31,61,29,16,53,24,98,55,63,82,26,93,17,55,85,18,29,23,23,19,17,43
Laphonza Butler,91,95,17,20,12,73,136,135,11,23,13,0,52,87,48,17,28,20,20,90,19,73,10,16,11,96,99,11,88,12,80,11,96,16,14,104,66,7,113,90,8,51,9,12,15,0,103,53,66,84,10,0,97,10,9,5,111,1,58,15,80,21,82,125,19,8,16,57,183,65,2,69,15,16,6,76,13,14,108,37,72,79,4,38,70,13,107,19,5,12,3,35,25,107,8,16,112,63,122,108,46,127,14
Maria Cantwell,66,85,26,21,9,65,87,83,8,12,10,52,0,70,47,16,32,27,14,70,17,63,7,15,16,79,65,14,76,7,52,14,63,12,14,73,56,2,76,69,9,54,16,5,5,0,87,47,60,61,10,0,70,8,12,3,72,1,59,27,84,31,61,89,15,11,15,39,76,67,1,63,11,12,19,67,4,13,71,41,78,77,9,41,62,23,83,16,5,8,4,36,20,70,10,20,81,56,82,84,49,71,13
Ben Cardin,132,130,40,32,21,92,174,150,13,29,15,87,70,0,72,24,46,33,29,135,38,117,18,31,21,110,135,19,135,15,85,19,126,27,16,118,75,11,137,104,15,75,25,9,12,3,137,66,90,137,14,1,105,9,18,4,131,1,93,31,111,36,112,144,27,20,19,62,158,91,2,94,23,33,20,89,12,25,127,52,103,127,13,48,99,24,122,34,8,14,8,52,42,178,16,35,140,76,135,147,73,142,32
Thomas Carper,63,68,26,20,18,58,83,82,12,21,12,48,47,72,0,13,35,35,21,73,22,73,13,26,8,63,62,11,67,13,46,12,59,17,12,61,54,8,66,69,12,54,18,4,8,2,74,50,65,69,6,1,54,11,17,3,62,1,53,21,60,22,59,73,25,14,15,42,74,70,1,56,11,15,17,59,10,12,57,38,66,70,9,38,52,18,68,15,8,16,4,34,29,74,12,26,74,51,72,80,50,72,20
Mike Crapo,24,28,71,103,91,37,32,24,85,112,81,17,16,24,13,0,55,72,67,36,78,36,70,123,79,39,12,123,13,60,13,80,30,69,54,27,31,63,16,32,77,22,88,59,3,27,45,33,44,21,55,0,29,105,89,68,13,16,18,61,14,32,12,28,30,70,86,22,24,31,12,19,208,91,74,35,29,93,9,9,26,32,61,31,16,70,31,96,40,78,39,34,96,22,50,85,40,23,30,28,20,15,43
Susan Collins,68,72,73,60,40,59,76,55,47,66,48,28,32,46,35,55,0,80,56,85,65,85,39,61,28,64,47,53,50,48,31,53,53,50,49,80,52,24,49,60,37,61,52,26,7,8,93,64,120,70,40,0,55,38,50,16,36,9,33,60,44,90,39,61,47,34,49,48,60,81,11,46,42,58,44,67,24,62,31,21,68,99,36,67,29,59,68,57,26,35,26,53,68,55,34,60,59,49,67,73,54,47,42
Shelley Capito,52,60,93,95,72,45,55,50,73,101,76,20,27,33,35,72,80,0,72,60,73,60,58,103,58,53,27,77,35,66,17,78,36,53,60,58,45,42,26,50,67,51,83,44,4,16,91,65,64,56,39,2,48,67,80,37,27,12,20,73,27,66,25,47,67,46,78,36,40,65,7,30,71,82,56,56,31,73,12,13,55,67,48,65,22,72,61,77,42,66,43,52,102,44,50,96,38,54,52,57,54,36,52
John Cornyn,31,39,63,99,61,37,55,40,71,95,70,20,14,29,21,67,56,72,0,47,77,62,71,80,100,51,38,62,20,61,21,66,34,71,73,34,39,53,36,42,61,60,66,55,5,20,64,48,54,39,56,1,47,57,97,46,15,16,18,58,25,31,28,27,37,45,58,50,47,71,13,15,70,89,48,44,32,78,9,12,24,47,61,60,21,54,30,86,39,51,43,33,121,32,39,72,28,46,39,41,38,24,55
Bob Casey,194,197,59,50,19,104,229,183,35,63,34,90,70,135,73,36,85,60,47,0,49,121,31,45,24,126,134,31,162,27,91,34,215,33,35,166,75,16,154,134,20,92,40,23,14,3,196,94,122,161,22,1,135,19,29,9,159,3,99,49,117,50,131,179,42,28,39,70,174,109,4,117,29,49,32,103,18,37,163,60,142,145,19,67,97,35,177,45,15,21,14,56,58,189,34,41,172,93,178,181,83,179,37
Bill Cassidy,40,38,73,107,71,32,44,36,85,106,65,19,17,38,22,78,65,73,77,49,0,63,64,94,66,40,25,92,23,56,19,53,30,63,57,30,42,61,29,40,72,42,89,36,5,19,50,46,51,48,59,0,33,65,85,45,18,11,22,54,30,49,17,31,25,52,63,31,45,56,11,18,82,90,66,40,30,71,18,10,30,46,61,39,22,59,35,89,37,65,51,35,121,37,50,81,35,35,33,51,36,26,46
Christopher Coons,105,104,63,49,23,89,147,140,27,42,24,73,63,117,73,36,85,60,62,121,63,0,28,50,30,111,130,34,104,25,76,32,94,55,41,113,95,16,119,99,23,73,36,26,12,2,149,88,103,134,25,1,91,24,33,10,94,2,80,54,89,61,88,131,38,28,36,83,134,104,7,90,35,50,43,93,14,44,81,49,97,134,23,72,76,38,113,43,15,20,10,63,92,130,23,53,109,85,124,145,83,104,45
Tom Cotton,22,19,74,104,75,16,25,18,86,103,81,10,7,18,13,70,39,58,71,31,64,28,0,106,94,23,13,83,10,69,8,69,23,70,50,22,14,70,16,15,74,18,84,66,3,25,27,27,25,23,54,0,15,71,77,57,9,22,9,48,11,23,13,19,31,55,70,22,21,23,13,8,70,105,57,27,25,79,10,4,15,25,54,24,11,49,22,98,44,57,49,21,90,17,64,70,14,25,20,22,16,20,35
Kevin Cramer,40,46,103,147,100,39,48,37,117,155,102,16,15,31,26,123,61,103,80,45,94,50,106,0,93,46,34,155,30,87,16,100,39,77,67,45,32,89,30,45,143,28,123,82,3,27,68,54,70,43,65,1,33,126,113,82,19,19,23,84,24,55,24,40,47,91,127,33,43,41,29,22,117,130,119,52,32,111,17,10,37,44,79,51,21,87,57,131,58,104,57,52,132,37,67,121,37,39,42,42,39,32,49
Ted Cruz,18,18,57,119,74,11,35,19,102,138,90,11,16,21,8,79,28,58,100,24,66,30,94,93,0,25,25,91,15,60,11,61,20,66,60,15,13,80,26,17,70,19,89,83,2,33,36,27,20,22,52,1,16,72,90,85,10,14,10,44,12,24,11,17,23,51,88,25,22,27,21,8,88,130,55,28,22,75,7,8,10,20,50,27,12,56,10,133,56,56,56,18,98,15,61,79,13,25,26,20,11,13,46
Catherine Cortez Masto,123,134,45,53,25,117,174,135,24,44,30,96,79,110,63,39,64,53,51,126,40,111,23,46,25,0,116,37,113,25,85,33,116,29,33,124,95,14,140,118,27,98,34,23,10,3,164,97,103,111,22,2,118,20,25,7,107,2,88,44,117,54,99,155,39,29,29,68,153,103,1,89,36,39,43,146,16,35,103,50,112,128,15,75,94,38,137,41,11,22,10,78,60,128,22,39,144,89,130,143,86,139,34
Richard Durbin,144,149,26,34,10,95,262,216,9,23,10,99,65,135,62,12,47,27,38,134,25,130,13,34,25,116,0,16,184,22,110,18,132,35,49,138,77,7,192,119,12,60,17,28,12,1,196,70,97,125,20,1,118,14,11,16,180,1,104,23,123,37,138,178,28,13,21,69,197,91,9,119,12,27,14,82,12,25,168,58,98,129,5,48,111,14,158,19,6,13,6,51,48,169,15,33,152,89,190,173,61,189,26
Steve Daines,24,29,70,139,96,32,34,26,108,136,94,11,14,19,11,123,53,77,62,31,92,34,83,155,91,37,16,0,19,78,18,85,22,67,57,38,24,80,19,42,95,22,114,66,6,24,50,35,43,31,64,1,29,129,108,86,16,16,22,62,14,47,18,31,31,68,105,21,34,33,16,18,120,120,95,36,26,102,10,11,31,35,66,39,15,78,39,118,58,80,54,48,114,28,67,92,31,28,30,27,35,22,51
Tammy Duckworth,145,170,28,32,9,95,211,189,13,24,12,88,76,135,67,13,50,35,20,162,23,104,10,30,15,113,184,19,0,25,96,28,137,14,21,155,85,8,183,123,19,83,24,11,11,2,182,72,100,136,8,1,121,13,15,3,161,1,93,33,128,42,123,183,24,15,19,58,185,96,2,107,16,22,22,93,11,20,167,52,120,130,8,53,106,33,161,26,9,17,6,52,32,168,17,22,163,90,178,163,68,194,22
Joni Ernst,32,27,56,86,54,14,27,19,81,98,66,12,7,15,13,60,48,66,61,27,56,25,69,87,60,25,22,78,25,0,12,67,26,50,82,30,16,53,17,24,63,30,70,47,4,22,43,31,31,28,44,0,16,59,69,46,12,12,10,46,14,25,13,20,33,41,72,24,20,30,18,14,63,77,57,31,29,91,8,8,22,33,46,25,10,57,27,89,40,57,44,28,78,17,43,65,19,17,18,20,21,17,39
Dianne Feinstein,89,104,21,25,15,74,157,135,10,27,9,80,52,85,46,13,31,17,21,91,19,76,8,16,11,85,110,18,96,12,0,10,81,20,22,95,60,6,119,91,9,54,16,10,3,3,121,57,68,83,15,0,88,13,13,3,119,0,97,18,89,26,87,129,16,10,12,44,166,60,2,72,14,16,13,70,7,11,112,38,68,82,7,42,70,19,97,20,5,5,4,35,28,101,8,18,125,59,117,122,42,126,13
Deb Fischer,35,39,61,90,68,29,35,23,68,91,72,11,14,19,12,80,53,78,66,34,53,32,69,100,61,33,18,85,28,67,10,0,25,56,58,29,27,54,22,24,75,23,76,58,4,17,54,35,41,30,48,0,30,75,72,46,17,16,17,66,18,40,16,30,34,58,79,26,27,35,8,17,74,70,65,38,28,105,13,11,24,33,45,36,15,65,29,85,44,75,45,36,82,22,50,77,19,38,28,28,26,24,43
John Fetterman,157,167,40,32,15,106,211,166,24,49,32,96,63,126,59,30,53,36,34,215,30,94,23,39,20,116,132,22,137,26,81,25,0,26,22,165,81,12,144,124,18,81,25,16,8,2,153,72,105,119,24,1,118,20,19,5,141,2,84,30,115,37,122,173,38,21,31,62,166,97,3,109,25,34,25,102,13,35,165,53,118,125,12,60,110,28,173,36,21,14,13,63,34,165,27,28,163,90,194,172,70,171,22
Lindsey Graham,25,24,57,77,48,23,54,29,59,66,60,16,12,27,17,69,50,53,71,33,63,55,70,77,66,29,35,67,14,50,20,56,26,0,58,29,26,48,30,34,53,19,62,57,3,16,46,35,38,29,56,0,23,59,64,43,11,14,26,44,12,37,16,19,34,46,49,34,34,24,13,16,68,69,43,27,24,83,9,9,16,37,50,28,17,54,20,75,36,43,41,20,91,24,38,73,22,19,27,45,28,21,35
Chuck Grassley,38,37,58,76,46,14,49,35,48,86,61,14,14,16,12,54,49,60,73,35,57,41,50,67,60,33,49,57,21,82,22,58,22,58,0,23,14,42,21,18,50,40,53,49,1,19,66,31,37,23,51,0,24,50,53,43,12,14,15,44,12,23,12,22,29,25,66,27,24,32,19,17,45,54,45,24,18,71,12,5,29,36,38,27,10,39,29,69,29,52,43,24,84,18,34,59,21,26,29,36,21,22,48
Kirsten Gillibrand,153,162,53,44,21,108,227,207,25,45,24,104,73,118,61,27,80,58,34,166,30,113,22,45,15,124,138,38,155,30,95,29,165,29,23,0,88,8,156,134,24,90,40,19,12,3,184,93,120,130,22,2,124,32,31,10,155,2,101,41,121,58,126,187,37,25,40,71,190,99,4,104,28,41,35,118,12,37,165,77,126,136,15,67,93,35,175,36,17,14,11,59,49,154,33,40,155,100,206,169,78,183,28
John Hickenlooper,79,89,35,35,24,119,102,96,22,39,18,66,56,75,54,31,52,45,39,75,42,95,14,32,13,95,77,24,85,16,60,27,81,26,14,88,0,11,86,91,19,65,22,8,9,2,104,81,82,80,15,2,100,31,26,3,71,1,56,36,79,38,66,88,35,20,24,60,100,84,4,64,28,29,23,83,21,22,73,42,80,94,11,65,70,29,94,28,11,20,7,55,38,84,16,30,93,68,96,95,71,88,33
Bill Hagerty,13,17,47,103,62,11,15,7,77,101,83,7,2,11,8,63,24,42,53,16,61,16,70,89,80,14,7,80,8,53,6,54,12,48,42,8,11,0,6,11,63,12,64,51,2,24,17,13,12,25,45,0,6,65,69,53,5,15,13,38,9,15,7,13,17,36,67,6,13,20,13,7,70,111,57,15,23,73,2,2,7,15,50,22,8,45,9,98,42,53,47,16,82,10,49,59,10,9,8,13,9,8,38
Mazie Hirono,140,160,36,30,12,91,260,223,16,34,14,113,76,137,66,16,49,26,36,154,29,119,16,30,26,140,192,19,183,17,119,22,144,30,21,156,86,6,0,136,15,74,18,19,10,1,194,73,103,131,19,1,125,18,15,6,199,2,119,31,134,51,134,213,29,19,17,72,223,90,3,124,17,23,23,98,10,20,188,56,106,137,7,55,142,34,165,29,9,11,6,54,44,178,13,19,186,88,206,213,68,229,22
Martin Heinrich,120,149,49,35,23,111,184,167,31,42,20,90,69,104,69,32,60,50,42,134,40,99,15,45,17,118,119,42,123,24,91,24,124,34,18,134,91,11,136,0,27,78,29,13,10,1,155,99,119,105,19,1,184,31,20,11,140,1,83,41,101,52,112,167,35,23,30,58,188,101,5,96,30,29,44,101,18,23,126,53,110,132,12,70,104,42,155,31,12,19,10,83,46,135,18,35,163,88,181,155,70,148,26
John Hoeven,18,30,65,86,79,24,30,17,75,97,68,8,9,15,12,77,37,67,61,20,72,23,74,143,70,27,12,95,19,63,9,75,18,53,50,24,19,63,15,27,0,18,84,51,2,25,38,24,28,23,41,1,22,81,85,61,8,14,11,58,16,36,12,21,28,59,79,14,27,30,11,12,82,73,75,33,28,73,8,7,17,29,49,28,13,64,34,91,39,72,44,34,83,14,49,68,17,18,19,18,21,16,37
Maggie Hassan,78,92,39,47,23,77,97,79,23,60,30,51,54,75,54,22,61,51,60,92,42,73,18,28,19,98,60,22,83,30,54,23,81,19,40,90,65,12,74,78,18,0,28,17,10,6,97,74,88,79,21,1,74,17,36,6,65,1,57,34,72,43,69,82,36,22,28,52,75,97,6,63,23,36,26,97,16,26,68,37,83,115,19,61,54,29,93,46,14,21,9,49,48,79,20,29,75,74,82,87,57,82,32
Cindy Hyde-Smith,33,35,91,133,73,30,32,28,93,127,91,9,16,25,18,88,52,83,66,40,89,36,84,123,89,34,17,114,24,70,16,76,25,62,53,40,22,64,18,29,84,28,0,72,4,20,46,40,42,30,56,0,29,84,93,65,15,13,18,71,19,43,16,27,25,70,109,24,24,38,14,17,94,106,78,32,22,88,7,8,33,34,60,41,12,55,44,106,45,75,54,33,100,27,61,138,26,34,31,32,34,23,50
Josh Hawley,22,15,38,94,47,13,34,19,57,106,53,12,5,9,4,59,26,44,55,23,36,26,66,82,83,23,28,66,11,47,10,58,16,57,49,19,8,51,19,13,51,17,72,0,1,19,34,22,13,13,44,0,13,55,72,63,8,14,10,31,10,18,10,13,15,42,76,16,17,25,9,8,66,101,38,24,19,57,6,5,10,13,42,24,8,38,16,91,41,48,35,12,64,12,63,59,12,19,20,18,17,19,21
George Helmy,11,11,5,5,3,9,14,20,3,4,4,15,5,12,8,3,7,4,5,14,5,12,3,3,2,10,12,6,11,4,3,4,8,3,1,12,9,2,10,10,2,10,4,1,0,0,12,8,12,14,3,0,9,2,2,0,12,1,4,2,11,7,11,15,5,2,2,8,12,9,0,8,2,3,1,11,5,3,9,6,9,12,2,8,8,4,11,4,2,3,0,10,7,12,0,3,12,10,15,12,10,11,6
Ron Johnson,3,8,19,36,24,1,4,1,29,40,25,0,0,3,2,27,8,16,20,3,19,2,25,27,33,3,1,24,2,22,3,17,2,16,19,3,2,24,1,1,25,6,20,19,0,0,5,5,5,4,16,2,1,31,35,30,0,10,1,17,2,3,2,1,5,17,27,1,2,8,12,2,29,30,20,5,9,18,1,2,3,3,27,5,1,21,3,39,19,20,22,4,28,2,24,24,2,1,3,2,2,1,20
Amy Klobuchar,188,217,62,66,34,129,273,208,33,66,37,103,87,137,74,45,93,91,64,196,50,149,27,68,36,164,196,50,182,43,121,54,153,46,66,184,104,17,194,155,38,97,46,34,12,5,0,114,156,152,28,2,148,35,35,17,164,2,115,64,128,68,136,210,49,31,49,83,196,141,11,129,38,54,46,125,19,49,170,62,159,171,19,90,106,46,262,45,23,41,18,81,86,208,42,65,178,117,218,193,97,188,40
Mark Kelly,85,86,51,50,28,79,97,84,28,50,26,53,47,66,50,33,64,65,48,94,46,88,27,54,27,97,70,35,72,31,57,35,72,35,31,93,81,13,73,99,24,74,40,22,8,5,114,0,95,85,16,2,92,27,39,7,61,0,52,40,63,55,57,91,41,26,28,71,96,87,5,53,31,46,37,94,19,30,56,41,80,103,16,116,54,42,88,45,19,26,13,63,59,81,32,54,78,73,79,89,76,71,30
Angus King,115,128,61,42,33,98,143,111,29,59,30,66,60,90,65,44,120,64,54,122,51,103,25,70,20,103,97,43,100,31,68,41,105,38,37,120,82,12,103,119,28,88,42,13,12,5,156,95,0,105,24,2,103,32,34,15,86,2,58,62,86,67,86,129,59,24,45,72,123,105,11,80,38,38,52,106,23,39,92,45,100,145,18,84,75,53,130,42,12,25,19,83,61,112,26,51,113,83,121,129,75,108,34
Timothy Kaine,121,135,45,36,21,93,170,157,26,50,30,84,61,137,69,21,70,56,39,161,48,134,23,43,22,111,125,31,136,28,83,30,119,29,23,130,80,25,131,105,23,79,30,13,14,4,152,85,105,0,16,2,100,16,27,9,129,1,92,36,102,49,111,159,46,19,26,69,160,97,2,96,27,46,25,93,21,30,120,52,101,130,18,65,93,38,135,38,18,16,13,53,62,167,21,35,133,93,130,143,116,136,40
John Kennedy,21,19,50,66,47,13,31,24,61,71,59,10,10,14,6,55,40,39,56,22,59,25,54,65,52,22,20,64,8,44,15,48,24,56,51,22,15,45,19,19,41,21,56,44,3,16,28,16,24,16,0,0,16,51,47,39,11,13,15,38,11,27,12,18,21,32,52,20,17,23,11,14,52,64,39,20,16,63,10,6,14,28,40,16,13,41,21,66,35,42,37,18,63,24,40,48,12,21,19,25,18,12,27
Andy Kim,1,0,0,1,0,0,2,1,0,1,0,0,0,1,1,0,0,2,1,1,0,1,0,1,1,2,1,1,1,0,0,0,1,0,0,2,2,0,1,1,1,1,0,0,0,2,2,2,2,2,0,0,1,0,2,0,1,0,0,0,0,0,1,1,2,0,0,1,1,2,0,2,0,1,0,2,1,0,0,2,1,2,0,1,1,1,1,2,0,0,0,0,2,1,0,1,1,1,0,1,2,0,1
Ben Luján,119,144,31,36,21,104,150,150,18,41,21,97,70,105,54,29,55,48,47,135,33,91,15,33,16,118,118,29,121,16,88,30,118,23,24,124,100,6,125,184,22,74,29,13,9,1,148,92,103,100,16,1,0,24,20,7,132,2,79,31,100,46,106,151,33,31,39,71,169,95,7,86,26,27,27,95,17,24,119,50,104,117,9,59,106,31,154,28,12,24,14,62,40,131,22,39,148,83,157,126,66,140,26
Cynthia Lummis,19,26,71,100,134,25,25,22,94,121,83,10,8,9,11,105,38,67,57,19,65,24,71,126,72,20,14,129,13,59,13,75,20,59,50,32,31,65,18,31,81,17,84,55,2,31,35,27,32,16,51,0,24,0,83,88,13,15,14,49,11,29,11,22,37,62,104,16,25,25,26,13,99,77,81,25,30,94,9,5,18,26,57,35,13,78,36,103,53,68,54,31,88,19,63,90,28,26,22,21,20,16,39
James Lankford,25,23,63,128,81,28,30,27,94,126,78,9,12,18,17,89,50,80,97,29,85,33,77,113,90,25,11,108,15,69,13,72,19,64,53,31,26,69,15,20,85,36,93,72,2,35,35,39,34,27,47,2,20,83,0,72,10,13,20,63,12,28,11,15,31,67,96,31,27,58,18,14,102,116,74,42,31,80,6,7,19,26,68,48,12,63,23,115,48,70,50,22,104,19,48,85,26,24,21,26,32,14,48
Mike Lee,7,10,43,96,63,2,13,14,78,111,62,5,3,4,3,68,16,37,46,9,45,10,57,82,85,7,16,86,3,46,3,46,5,43,43,10,3,53,6,11,61,6,65,63,0,30,17,7,15,9,39,0,7,88,72,0,10,15,8,32,4,11,3,12,19,46,77,11,8,7,39,3,75,74,39,8,28,53,7,3,4,7,41,10,7,46,5,84,49,51,51,7,54,9,57,53,13,7,12,6,4,10,31
Edward Markey,140,171,18,21,8,88,286,267,15,28,11,111,72,131,62,13,36,27,15,159,18,94,9,19,10,107,180,16,161,12,119,17,141,11,12,155,71,5,199,140,8,65,15,8,12,0,164,61,86,129,11,1,132,13,10,10,0,2,108,15,128,29,155,263,21,13,15,54,229,84,6,119,9,15,13,70,8,14,264,58,101,114,6,39,115,16,180,20,7,7,5,41,23,195,14,17,214,77,238,212,58,314,15
Mitch McConnell,2,2,13,18,14,1,2,2,17,19,16,1,1,1,1,16,9,12,16,3,11,2,22,19,14,2,1,16,1,12,0,16,2,14,14,2,1,15,2,1,14,1,13,14,1,10,2,0,2,1,13,0,2,15,13,15,2,0,1,11,2,4,2,2,3,13,14,3,2,0,5,2,16,14,10,2,7,15,0,1,1,2,15,3,1,13,2,12,10,19,11,3,17,1,11,15,2,2,2,1,2,1,13
Robert Menendez,91,99,24,23,11,66,153,139,13,20,12,58,59,93,53,18,33,20,18,99,22,80,9,23,10,88,104,22,93,10,97,17,84,26,15,101,56,13,119,83,11,57,18,10,4,1,115,52,58,92,15,0,79,14,20,8,108,1,0,25,80,29,97,116,16,16,16,47,125,67,4,85,27,26,17,63,7,17,98,50,79,87,9,42,69,22,100,22,5,6,7,39,23,106,14,24,106,59,101,120,56,118,14
Jerry Moran,41,44,77,70,49,47,39,28,54,69,57,15,27,31,21,61,60,73,58,49,54,54,48,84,44,44,23,62,33,46,18,66,30,44,44,41,36,38,31,41,58,34,71,31,2,17,64,40,62,36,38,0,31,49,63,32,15,11,25,0,26,46,25,29,32,43,78,31,38,52,11,21,54,61,80,45,20,60,14,14,35,48,41,50,18,54,47,70,36,57,37,55,75,28,40,73,31,42,36,36,46,25,38
Patty Murray,126,134,29,23,11,88,161,146,15,26,15,80,84,111,60,14,44,27,25,117,30,89,11,24,12,117,123,14,128,14,89,18,115,12,12,121,79,9,134,101,16,72,19,10,11,2,128,63,86,102,11,0,100,11,12,4,128,2,80,26,0,37,99,149,21,15,15,56,149,90,4,96,14,17,20,81,12,15,137,51,105,110,11,56,93,19,125,19,9,11,9,64,29,121,10,18,143,76,133,144,59,144,20
Lisa Murkowski,47,63,53,40,30,49,57,48,31,47,24,21,31,36,22,32,90,66,31,50,49,61,23,55,24,54,37,47,42,25,26,40,37,37,23,58,38,15,51,52,36,43,43,18,7,3,68,55,67,49,27,0,46,29,28,11,29,4,29,46,37,0,31,59,33,34,34,34,54,63,7,30,35,40,40,57,18,34,24,14,43,69,14,59,37,100,50,42,18,19,18,49,55,48,29,49,45,38,46,61,38,42,27
Christopher Murphy,113,130,19,19,11,85,220,170,9,24,18,82,61,112,59,12,39,25,28,131,17,88,13,24,11,99,138,18,123,13,87,16,122,16,12,126,66,7,134,112,12,69,16,10,11,2,136,57,86,111,12,1,106,11,11,3,155,2,97,25,99,31,0,156,25,18,19,57,159,75,3,108,15,18,10,73,16,18,131,57,91,115,9,46,90,21,147,19,6,10,5,40,28,141,15,20,132,76,150,141,52,164,18
Jeff Merkley,174,202,41,28,16,116,296,263,17,39,18,125,89,144,73,28,61,47,27,179,31,131,19,40,17,155,178,31,183,20,129,30,173,19,22,187,88,13,213,167,21,82,27,13,15,1,210,91,129,159,18,1,151,22,15,12,263,2,116,29,149,59,156,0,29,23,24,70,249,109,9,128,28,38,32,111,16,30,252,61,137,155,11,68,131,40,211,32,12,16,11,73,47,219,25,34,265,93,270,247,77,281,23
Joseph Manchin,40,39,34,44,40,29,46,28,31,63,35,19,15,27,25,30,47,67,37,42,25,38,31,47,23,39,28,31,24,33,16,34,38,34,29,37,35,17,29,35,28,36,25,15,5,5,49,41,59,46,21,2,33,37,31,19,21,3,16,32,21,33,25,29,0,16,30,30,32,34,3,27,32,36,31,47,25,35,18,15,28,44,17,51,24,35,34,44,17,27,19,39,46,32,23,38,29,28,33,39,36,29,30
Markwayne Mullin,23,26,60,66,53,21,25,22,61,68,55,8,11,20,14,70,34,46,45,28,52,28,55,91,51,29,13,68,15,41,10,58,21,46,25,25,20,36,19,23,59,22,70,42,2,17,31,26,24,19,32,0,31,62,67,46,13,13,16,43,15,34,18,23,16,0,65,21,23,25,14,14,69,59,48,23,17,61,11,8,20,28,36,26,12,53,27,60,31,54,36,20,65,20,44,68,15,22,22,22,15,18,32
Roger Marshall,35,43,72,116,85,32,28,27,106,168,82,16,15,19,15,86,49,78,58,39,63,36,70,127,88,29,21,105,19,72,12,79,31,49,66,40,24,67,17,30,79,28,109,76,2,27,49,28,45,26,52,0,39,104,96,77,15,14,16,78,15,34,19,24,30,65,0,23,24,38,22,15,92,107,68,32,17,95,13,4,36,36,53,29,13,66,48,121,62,72,54,27,95,21,73,97,17,30,36,25,26,20,47
Jon Ossoff,69,67,35,36,15,55,81,80,15,32,21,57,39,62,42,22,48,36,50,70,31,83,22,33,25,68,69,21,58,24,44,26,62,34,27,71,60,6,72,58,14,52,24,16,8,1,83,71,72,69,20,1,71,16,31,11,54,3,47,31,56,34,57,70,30,21,23,0,81,76,4,48,19,33,24,71,13,27,47,32,52,73,11,56,52,22,68,32,11,17,11,45,40,70,18,24,70,99,72,69,54,59,24
Alex Padilla,167,175,46,35,22,121,294,283,24,42,23,183,76,158,74,24,60,40,47,174,45,134,21,43,22,153,197,34,185,20,166,27,166,34,24,190,100,13,223,188,27,75,24,17,12,2,196,96,123,160,17,1,169,25,27,8,229,2,125,38,149,54,159,249,32,23,24,81,0,119,4,114,24,33,33,119,18,30,213,59,124,144,10,73,126,35,201,37,15,16,14,74,60,226,20,36,232,114,242,233,75,244,37
Gary Peters,109,124,53,57,24,89,116,101,37,69,26,65,67,91,70,31,81,65,71,109,56,104,23,41,27,103,91,33,96,30,60,35,97,24,32,99,84,20,90,101,30,97,38,25,9,8,141,87,105,97,23,2,95,25,58,7,84,0,67,52,90,63,75,109,34,25,38,76,119,0,6,75,25,52,40,120,19,39,73,49,138,125,14,86,74,51,120,54,19,26,15,65,67,108,36,43,98,111,102,119,70,96,41
Rand Paul,3,6,16,27,16,4,4,12,19,43,17,2,1,2,1,12,11,7,13,4,11,7,13,29,21,1,9,16,2,18,2,8,3,13,19,4,4,13,3,5,11,6,14,9,0,12,11,5,11,2,11,0,7,26,18,39,6,5,4,11,4,7,3,9,3,14,22,4,4,6,0,1,16,17,8,4,5,15,4,0,3,4,16,8,4,7,5,23,17,15,17,3,16,3,14,17,9,1,6,3,3,7,12
John Reed,118,124,25,22,13,85,158,128,12,21,12,69,63,94,56,19,46,30,15,117,18,90,8,22,8,89,119,18,107,14,72,17,109,16,17,104,64,7,124,96,12,63,17,8,8,2,129,53,80,96,14,2,86,13,14,3,119,2,85,21,96,30,108,128,27,14,15,48,114,75,1,0,14,14,18,68,13,17,111,50,96,107,6,46,89,19,124,21,9,10,5,44,25,128,18,21,118,69,128,154,58,123,22
James Risch,24,26,65,102,106,36,29,20,91,129,71,15,11,23,11,208,42,71,70,29,82,35,70,117,88,36,12,120,16,63,14,74,25,68,45,28,28,70,17,30,82,23,94,66,2,29,38,31,38,27,52,0,26,99,102,75,9,16,27,54,14,35,15,28,32,69,92,19,24,25,16,14,0,114,72,34,33,95,7,9,22,37,67,29,13,69,25,106,43,79,39,27,89,23,49,87,30,19,29,26,18,16,51
Marco Rubio,37,29,67,153,77,32,47,33,110,179,79,16,12,33,15,91,58,82,89,49,90,50,105,130,130,39,27,120,22,77,16,70,34,69,54,41,29,111,23,29,73,36,106,101,3,30,54,46,38,46,64,1,27,77,116,74,15,14,26,61,17,40,18,38,36,59,107,33,33,52,17,14,114,0,70,55,28,91,10,11,29,46,68,41,15,59,36,237,64,69,53,28,117,39,82,106,23,41,28,37,34,25,54
Mike Rounds,34,30,69,76,62,30,40,27,68,73,69,6,19,20,17,74,44,56,48,32,66,43,57,119,55,43,14,95,22,57,13,65,25,43,45,35,23,57,23,44,75,26,78,38,1,20,46,37,52,25,39,0,27,81,74,39,13,10,17,80,20,40,10,32,31,48,68,24,33,40,8,18,72,70,0,37,19,74,11,9,26,37,50,35,15,54,46,74,37,81,38,48,93,27,43,65,29,29,29,37,32,22,37
Jacklyn Rosen,94,110,51,60,33,92,130,106,37,57,31,76,67,89,59,35,67,56,44,103,40,93,27,52,28,146,82,36,93,31,70,38,102,27,24,118,83,15,98,101,33,97,32,24,11,5,125,94,106,93,20,2,95,25,42,8,70,2,63,45,81,57,73,111,47,23,32,71,119,120,4,68,34,55,37,0,18,36,80,48,93,119,16,83,70,43,109,62,19,26,13,73,54,98,24,41,98,91,99,104,64,93,28
Mitt Romney,13,17,23,26,31,19,20,10,25,34,25,13,4,12,10,29,24,31,32,18,30,14,25,32,22,16,12,26,11,29,7,28,13,24,18,12,21,23,10,18,28,16,22,19,5,9,19,19,23,21,16,1,17,30,31,28,8,7,7,20,12,18,16,16,25,17,17,13,18,19,5,13,33,28,19,18,0,24,4,6,11,23,20,20,10,33,15,31,13,24,17,14,38,18,18,26,12,13,12,18,19,10,28
Pete Ricketts,37,41,78,100,83,28,37,22,82,113,86,14,13,25,12,93,62,73,78,37,71,44,79,111,75,35,25,102,20,91,11,105,35,83,71,37,22,73,20,23,73,26,88,57,3,18,49,30,39,30,63,0,24,94,80,53,14,15,17,60,15,34,18,30,35,61,95,27,30,39,15,17,95,91,74,36,24,0,13,10,25,37,58,35,17,71,34,98,59,67,54,36,98,26,58,91,23,27,25,31,22,20,47
Bernard Sanders,158,172,20,15,7,88,266,238,6,21,5,108,71,127,57,9,31,12,9,163,18,81,10,17,7,103,168,10,167,8,112,13,165,9,12,165,73,2,188,126,8,68,7,6,9,1,170,56,92,120,10,0,119,9,6,7,264,0,98,14,137,24,131,252,18,11,13,47,213,73,4,111,7,10,11,80,4,13,0,54,104,111,3,38,110,13,178,12,4,7,4,44,11,195,9,9,207,74,255,200,49,300,8
Charles Schumer,52,61,13,14,5,48,75,64,3,13,7,37,41,52,38,9,21,13,12,60,10,49,4,10,8,50,58,11,52,8,38,11,53,9,5,77,42,2,56,53,7,37,8,5,6,2,62,41,45,52,6,2,50,5,7,3,58,1,50,14,51,14,57,61,15,8,4,32,59,49,0,50,9,11,9,48,6,10,54,0,49,51,6,27,48,8,54,12,3,4,3,30,14,54,10,11,60,45,63,59,36,57,16
Debbie Stabenow,131,144,50,35,17,101,140,130,25,38,22,72,78,103,66,26,68,55,24,142,30,97,15,37,10,112,98,31,120,22,68,24,118,16,29,126,80,7,106,110,17,83,33,10,9,3,159,80,100,101,14,1,104,18,19,4,101,1,79,35,105,43,91,137,28,20,36,52,124,138,3,96,22,29,26,93,11,25,104,49,0,125,15,66,80,31,147,28,10,18,10,63,46,127,30,38,111,84,127,133,69,120,25
Jeanne Shaheen,121,144,61,50,27,109,192,145,32,50,31,79,77,127,70,32,99,67,47,145,46,134,25,44,20,128,129,35,130,33,82,33,125,37,36,136,94,15,137,132,29,115,34,13,12,3,171,103,145,130,28,2,117,26,26,7,114,2,87,48,110,69,115,155,44,28,36,73,144,125,4,107,37,46,37,119,23,37,111,51,125,0,19,82,90,44,148,47,17,23,14,66,67,155,27,52,128,95,159,153,85,134,41
Tim Scott,18,13,46,78,58,12,14,14,57,76,61,4,9,13,9,61,36,48,61,19,61,23,54,79,50,15,5,66,8,46,7,45,12,50,38,15,11,50,7,12,49,19,60,42,2,27,19,16,18,18,40,0,9,57,68,41,6,15,9,41,11,14,9,11,17,36,53,11,10,14,16,6,67,68,50,16,20,58,3,6,15,19,0,19,10,37,14,66,33,49,33,13,65,14,33,54,12,19,10,17,21,10,33
Kyrsten Sinema,67,69,59,43,38,66,77,62,31,64,29,38,41,48,38,31,67,65,60,67,39,72,24,51,27,75,48,39,53,25,42,36,60,28,27,67,65,22,55,70,28,61,41,24,8,5,90,116,84,65,16,1,59,35,48,10,39,3,42,50,56,59,46,68,51,26,29,56,73,86,8,46,29,41,35,83,20,35,38,27,66,82,19,0,41,44,68,50,21,23,15,67,70,59,26,49,63,59,58,68,55,53,31
Brian Schatz,96,115,20,17,11,78,132,126,10,21,16,70,62,99,52,16,29,22,21,97,22,76,11,21,12,94,111,15,106,10,70,15,110,17,10,93,70,8,142,104,13,54,12,8,8,1,106,54,75,93,13,1,106,13,12,7,115,1,69,18,93,37,90,131,24,12,13,52,126,74,4,89,13,15,15,70,10,17,110,48,80,90,10,41,0,26,109,18,6,12,7,42,20,123,10,14,117,61,126,131,57,129,19
Dan Sullivan,27,37,71,72,67,33,37,26,71,77,53,13,23,24,18,70,59,72,54,35,59,38,49,87,56,38,14,78,33,57,19,65,28,54,39,35,29,45,34,42,64,29,55,38,4,21,46,42,53,38,41,1,31,78,63,46,16,13,22,54,19,100,21,40,35,53,66,22,35,51,7,19,69,59,54,43,33,71,13,8,31,44,37,44,26,0,30,83,37,40,43,32,78,30,46,74,26,32,29,40,33,24,39
Tina Smith,169,198,45,34,25,125,241,205,25,51,24,107,83,122,68,31,68,61,30,177,35,113,22,57,10,137,158,39,161,27,97,29,173,20,29,175,94,9,165,155,34,93,44,16,11,3,262,88,130,135,21,1,154,36,23,5,180,2,100,47,125,50,147,211,34,27,48,68,201,120,5,124,25,36,46,109,15,34,178,54,147,148,14,68,109,30,0,34,15,27,16,72,51,184,29,36,181,115,214,175,86,212,30
Rick Scott,36,36,77,161,92,27,54,34,127,211,98,19,16,34,15,96,57,77,86,45,89,43,98,131,133,41,19,118,26,89,20,85,36,75,69,36,28,98,29,31,91,46,106,91,4,39,45,45,42,38,66,2,28,103,115,84,20,12,22,70,19,42,19,32,44,60,121,32,37,54,23,21,106,237,74,62,31,98,12,12,28,47,66,50,18,83,34,0,71,70,62,28,126,34,73,101,28,39,31,39,32,26,49
Eric Schmitt,15,17,39,68,45,10,16,13,65,97,55,5,5,8,8,40,26,42,39,15,37,15,44,58,56,11,6,58,9,40,5,44,21,36,29,17,11,42,9,12,39,14,45,41,2,19,23,19,12,18,35,0,12,53,48,49,7,10,5,36,9,18,6,12,17,31,62,11,15,19,17,9,43,64,37,19,13,59,4,3,10,17,33,21,6,37,15,71,0,38,37,12,53,14,50,47,10,16,15,14,11,10,24
John Thune,21,24,53,93,67,15,21,13,68,86,63,12,8,14,16,78,35,66,51,21,65,20,57,104,56,22,13,80,17,57,5,75,14,43,52,14,20,53,11,19,72,21,75,48,3,20,41,26,25,16,42,0,24,68,70,51,7,19,6,57,11,19,10,16,27,54,72,17,16,26,15,10,79,69,81,26,24,67,7,4,18,23,49,23,12,40,27,70,38,0,35,24,76,12,36,74,15,21,18,16,21,14,46
Tommy Tuberville,12,16,46,73,43,7,12,5,63,77,82,3,4,8,4,39,26,43,43,14,51,10,49,57,56,10,6,54,6,44,4,45,13,41,43,11,7,47,6,10,44,9,54,35,0,22,18,13,19,13,37,0,14,54,50,51,5,11,7,37,9,18,5,11,19,36,54,11,14,15,17,5,39,53,38,13,17,54,4,3,10,14,33,15,7,43,16,62,37,35,0,15,59,12,46,50,7,12,11,9,9,9,27
Jon Tester,73,78,49,35,24,58,72,58,20,51,26,35,36,52,34,34,53,52,33,56,35,63,21,52,18,78,51,48,52,28,35,36,63,20,24,59,55,16,54,83,34,49,33,12,10,4,81,63,83,53,18,0,62,31,22,7,41,3,39,55,64,49,40,73,39,20,27,45,74,65,3,44,27,28,48,73,14,36,44,30,63,66,13,67,42,32,72,28,12,24,15,0,50,59,17,30,70,53,57,61,47,61,29
Thomas Tillis,47,43,111,139,70,43,75,57,121,127,93,25,20,42,29,96,68,102,121,58,121,92,90,132,98,60,48,114,32,78,28,82,34,91,84,49,38,82,44,46,83,48,100,64,7,28,86,59,61,62,63,2,40,88,104,54,23,17,23,75,29,55,28,47,46,65,95,40,60,67,16,25,89,117,93,54,38,98,11,14,46,67,65,70,20,78,51,126,53,76,59,50,0,52,65,99,38,53,54,67,56,34,64
Chris Van Hollen,171,171,46,33,19,106,250,220,22,40,17,107,70,178,74,22,55,44,32,189,37,130,17,37,15,128,169,28,168,17,101,22,165,24,18,154,84,10,178,135,14,79,27,12,12,2,208,81,112,167,24,1,131,19,19,9,195,1,106,28,121,48,141,219,32,20,21,70,226,108,3,128,23,39,27,98,18,26,195,54,127,155,14,59,123,30,184,34,14,12,12,59,52,0,21,36,192,104,215,214,87,212,24
J. Vance,49,34,47,79,45,22,27,27,72,117,55,8,10,16,12,50,34,50,39,34,50,23,64,67,61,22,15,67,17,43,8,50,27,38,34,33,16,49,13,18,49,20,61,63,0,24,42,32,26,21,40,0,22,63,48,57,14,11,14,40,10,29,15,25,23,44,73,18,20,36,14,18,49,82,43,24,18,58,9,10,30,27,33,26,10,46,29,73,50,36,46,17,65,21,0,60,15,29,25,25,20,26,32
Roger Wicker,39,41,95,119,80,37,46,42,86,121,85,16,20,35,26,85,60,96,72,41,81,53,70,121,79,39,33,92,22,65,18,77,28,73,59,40,30,59,19,35,68,29,138,59,3,24,65,54,51,35,48,1,39,90,85,53,17,15,24,73,18,49,20,34,38,68,97,24,36,43,17,21,87,106,65,41,26,91,9,11,38,52,54,49,14,74,36,101,47,74,50,30,99,36,60,0,28,33,33,44,35,22,53
Ron Wyden,158,167,35,27,20,115,259,226,15,33,18,112,81,140,74,40,59,38,28,172,35,109,14,37,13,144,152,31,163,19,125,19,163,22,21,155,93,10,186,163,17,75,26,12,12,2,178,78,113,133,12,1,148,28,26,13,214,2,106,31,143,45,132,265,29,15,17,70,232,98,9,118,30,23,29,98,12,23,207,60,111,128,12,63,117,26,181,28,10,15,7,70,38,192,15,28,0,82,218,212,73,221,24
Raphael Warnock,94,104,49,48,19,78,115,111,28,47,29,63,56,76,51,23,49,54,46,93,35,85,25,39,25,89,89,28,90,17,59,38,90,19,26,100,68,9,88,88,18,74,34,19,10,1,117,73,83,93,21,1,83,26,24,7,77,2,59,42,76,38,76,93,28,22,30,99,114,111,1,69,19,41,29,91,13,27,74,45,84,95,19,59,61,32,115,39,16,21,12,53,53,104,29,33,82,0,108,92,63,101,27
Peter Welch,161,186,50,49,18,118,290,274,21,47,23,122,82,135,72,30,67,52,39,178,33,124,20,42,26,130,190,30,178,18,117,28,194,27,29,206,96,8,206,181,19,82,31,20,15,3,218,79,121,130,19,0,157,22,21,12,238,2,101,36,133,46,150,270,33,22,36,72,242,102,6,128,29,28,29,99,12,25,255,63,127,159,10,58,126,29,214,31,15,18,11,57,54,215,25,33,218,108,0,236,75,250,22
Sheldon Whitehouse,176,189,52,44,25,119,288,235,21,39,23,108,84,147,80,28,73,57,41,181,51,145,22,42,20,143,173,27,163,20,122,28,172,45,36,169,95,13,213,155,18,87,32,18,12,2,193,89,129,143,25,1,126,21,26,6,212,1,120,36,144,61,141,247,39,22,25,69,233,119,3,154,26,37,37,104,18,31,200,59,133,153,17,68,131,40,175,39,14,16,9,61,67,214,25,44,212,92,236,0,82,245,27
Mark Warner,77,69,39,42,19,73,90,76,22,37,19,46,49,73,50,20,54,54,38,83,36,83,16,39,11,86,61,35,68,21,42,26,70,28,21,78,71,9,68,70,21,57,34,17,10,2,97,76,75,116,18,2,66,20,32,4,58,2,56,46,59,38,52,77,36,15,26,54,75,70,3,58,18,34,32,64,19,22,49,36,69,85,21,55,57,33,86,32,11,21,9,47,56,87,20,35,73,63,75,82,0,71,35
Elizabeth Warren,183,192,29,29,11,110,318,291,16,46,17,127,71,142,72,15,47,36,24,179,26,104,20,32,13,139,189,22,194,17,126,24,171,21,22,183,88,8,229,148,16,82,23,19,11,1,188,71,108,136,12,0,140,16,14,10,314,1,118,25,144,42,164,281,29,18,20,59,244,96,7,123,16,25,22,93,10,20,300,57,120,134,10,53,129,24,212,26,10,14,9,61,34,212,26,22,221,101,250,245,71,0,18
Todd Young,36,33,47,62,45,23,29,31,44,78,43,14,13,32,20,43,42,52,55,37,46,45,35,49,46,34,26,51,22,39,13,43,22,35,48,28,33,38,22,26,37,32,50,21,6,20,40,30,34,40,27,1,26,39,48,31,15,13,14,38,20,27,18,23,30,32,47,24,37,41,12,22,51,54,37,28,28,47,8,16,25,41,33,31,19,39,30,49,24,46,27,29,64,24,32,53,24,27,22,27,35,18,0
